id,first_name,last_name,email,gender,ip_address
1,Liane,Brennans,lbrennans0@dailymail.co.uk,Female,107.118.64.98
2,Dorian,Karsh,dkarsh1@123-reg.co.uk,Male,166.187.30.255
3,Hoyt,Crouse,hcrouse2@behance.net,Male,17.156.108.77
4,Cynthy,Thomas,cthomas3@godaddy.com,Female,249.223.202.211
5,Luis,Bloggett,lbloggett4@fastcompany.com,Male,17.103.19.106
6,Erek,Burry,eburry5@businessweek.com,Male,37.141.0.35
7,Gaultiero,Whitwood,gwhitwood6@chronoengine.com,Male,14.227.225.223
8,Elsworth,Durdle,edurdle7@theatlantic.com,Male,205.52.29.70
9,Ardith,O'Doghesty,aodoghesty8@shutterfly.com,Female,75.126.151.187
10,Janot,Fratson,jfratson9@usatoday.com,Female,125.238.202.117
11,Sacha,Fairhead,sfairheada@zdnet.com,Female,77.140.33.97
12,Halli,Queripel,hqueripelb@woothemes.com,Female,119.214.57.228
13,Brenna,Oxer,boxerc@ca.gov,Female,221.119.86.66
14,Wright,Doogan,wdoogand@bandcamp.com,Male,60.226.93.174
15,Darice,Bett,dbette@epa.gov,Female,27.132.164.105
16,Petr,Wykes,pwykesf@usatoday.com,Male,221.32.155.104
17,Elsbeth,Denman,edenmang@com.com,Female,216.196.191.76
18,Katerine,Clappson,kclappsonh@cyberchimps.com,Polygender,167.77.238.145
19,Colline,Borland,cborlandi@zdnet.com,Female,226.153.90.1
20,Tedie,Piggford,tpiggfordj@photobucket.com,Male,172.35.94.185
21,Eveline,De Biaggi,edebiaggik@ezinearticles.com,Female,12.189.250.198
22,Orella,Duffell,oduffelll@de.vu,Female,170.195.105.106
23,Henryetta,Crookshanks,hcrookshanksm@people.com.cn,Female,181.207.189.18
24,Ruthie,Lindroos,rlindroosn@unesco.org,Female,91.128.253.49
25,Massimiliano,Winson,mwinsono@paginegialle.it,Male,75.36.43.216
26,Grace,Ellsbury,gellsburyp@163.com,Female,156.68.184.47
27,Claire,O'Siaghail,cosiaghailq@chronoengine.com,Male,35.111.2.63
28,Egbert,Dixie,edixier@wikia.com,Male,139.167.221.192
29,Wilt,Coggen,wcoggens@topsy.com,Male,102.119.217.194
30,Terra,Khan,tkhant@phoca.cz,Female,39.19.138.168
31,Thebault,Blonden,tblondenu@ovh.net,Genderqueer,228.112.179.142
32,Gerri,Hillock,ghillockv@nature.com,Female,219.160.185.248
33,Alexandros,Fairlem,afairlemw@ibm.com,Non-binary,170.28.254.189
34,Niko,Hune,nhunex@cdc.gov,Male,242.226.126.159
35,Cloris,Bills,cbillsy@businesswire.com,Female,36.26.71.60
36,Christean,Ingry,cingryz@360.cn,Female,194.159.36.18
37,Merline,Husthwaite,mhusthwaite10@skyrock.com,Female,171.151.244.193
38,Carissa,Biswell,cbiswell11@google.co.uk,Female,141.162.119.186
39,Madelena,Moxom,mmoxom12@samsung.com,Female,246.42.34.37
40,Lon,Bloxham,lbloxham13@fotki.com,Male,102.177.96.255
41,Shea,Delhay,sdelhay14@engadget.com,Female,199.44.40.5
42,Judas,Vasentsov,jvasentsov15@tuttocitta.it,Agender,169.37.85.98
43,Ayn,Gorgl,agorgl16@51.la,Female,166.45.146.135
44,Asher,Laurie,alaurie17@fda.gov,Male,175.143.55.78
45,Dermot,Hans,dhans18@msu.edu,Male,181.220.45.164
46,Addie,Moutray Read,amoutrayread19@feedburner.com,Male,136.225.6.190
47,Wilek,Fiddyment,wfiddyment1a@kickstarter.com,Male,92.246.149.111
48,Mort,Edling,medling1b@github.io,Male,189.109.151.69
49,Herrick,Ruddick,hruddick1c@xrea.com,Male,175.219.158.8
50,Cindee,Bissell,cbissell1d@godaddy.com,Female,203.255.23.240
51,Tiphany,Woodhouse,twoodhouse1e@yale.edu,Female,25.128.170.50
52,Daisey,Glossup,dglossup1f@bing.com,Female,120.58.177.2
53,Maggi,Kegg,mkegg1g@dyndns.org,Female,91.131.8.247
54,Nobe,Forde,nforde1h@samsung.com,Male,26.115.225.117
55,York,Leed,yleed1i@free.fr,Male,158.10.179.155
56,Inness,Wolseley,iwolseley1j@blogspot.com,Male,255.41.165.139
57,Cobb,Kopecka,ckopecka1k@harvard.edu,Male,235.229.177.142
58,Peri,Hundley,phundley1l@oakley.com,Female,134.178.118.63
59,Nigel,Kahane,nkahane1m@msn.com,Male,222.45.23.100
60,Salomone,Milham,smilham1n@linkedin.com,Male,91.26.131.43
61,Bradney,Tupie,btupie1o@yahoo.co.jp,Male,229.203.47.140
62,Bordy,Rasell,brasell1p@hatena.ne.jp,Male,235.224.133.236
63,Zara,Robel,zrobel1q@npr.org,Female,253.127.249.36
64,Kaja,Purvess,kpurvess1r@hud.gov,Non-binary,52.79.102.238
65,Sybille,Tranckle,stranckle1s@apple.com,Female,118.165.94.51
66,Kylynn,Leadbetter,kleadbetter1t@fotki.com,Female,103.142.215.117
67,Josepha,McInerney,jmcinerney1u@unicef.org,Female,233.11.239.10
68,Linzy,Stearne,lstearne1v@elpais.com,Female,201.175.160.18
69,Lemar,Markwell,lmarkwell1w@cmu.edu,Male,77.40.243.246
70,See,Rillatt,srillatt1x@posterous.com,Male,115.152.199.181
71,Sholom,Matisse,smatisse1y@plala.or.jp,Male,47.70.114.100
72,Caprice,McNicol,cmcnicol1z@ning.com,Female,7.125.98.63
73,See,Dougher,sdougher20@marketwatch.com,Male,97.29.187.213
74,Barrie,Measham,bmeasham21@bbb.org,Male,119.59.7.17
75,Adriane,Gertray,agertray22@mozilla.com,Female,196.41.146.110
76,Glenden,McGettigan,gmcgettigan23@delicious.com,Male,4.67.108.249
77,Juditha,Eilhersen,jeilhersen24@irs.gov,Female,11.244.242.87
78,Harrie,Welbrock,hwelbrock25@unblog.fr,Female,151.133.128.143
79,Neal,Berlin,nberlin26@bloglovin.com,Male,36.72.101.115
80,Calla,Youster,cyouster27@360.cn,Female,113.64.174.112
81,Gustavo,Sheircliffe,gsheircliffe28@hatena.ne.jp,Male,163.217.117.77
82,Nat,Smoth,nsmoth29@symantec.com,Male,134.209.67.186
83,Barbara-anne,Fleay,bfleay2a@google.com.au,Female,169.68.79.87
84,Theresina,Gueny,tgueny2b@lulu.com,Female,130.234.69.122
85,Dari,Hovell,dhovell2c@google.it,Female,25.56.164.97
86,Tim,Wahncke,twahncke2d@fc2.com,Male,165.63.112.103
87,Adair,Chattelaine,achattelaine2e@blinklist.com,Male,178.48.223.245
88,Tierney,Noton,tnoton2f@hao123.com,Female,196.113.211.179
89,Ruby,Grey,rgrey2g@slate.com,Female,191.130.150.230
90,Bourke,Lewendon,blewendon2h@redcross.org,Genderfluid,70.127.54.216
91,Gerti,Wilfling,gwilfling2i@dedecms.com,Female,108.218.163.203
92,Margalo,Roach,mroach2j@bloglines.com,Female,76.55.123.212
93,Charley,Lyman,clyman2k@free.fr,Male,63.232.169.80
94,Carr,Sonschein,csonschein2l@cnet.com,Male,123.88.230.103
95,Wolfgang,Barlass,wbarlass2m@nps.gov,Male,131.235.138.217
96,Julian,De Beneditti,jdebeneditti2n@washingtonpost.com,Non-binary,137.24.240.93
97,Jessie,Simoncelli,jsimoncelli2o@nhs.uk,Male,175.123.118.174
98,Godfree,Chaffin,gchaffin2p@dagondesign.com,Male,45.250.18.52
99,Jess,Iacovone,jiacovone2q@gmpg.org,Male,185.97.150.190
100,Derrek,Baroche,dbaroche2r@chronoengine.com,Genderfluid,225.245.132.211
101,Kyrstin,Frazier,kfrazier2s@bigcartel.com,Female,209.89.251.94
102,Bartel,Barnewelle,bbarnewelle2t@mail.ru,Male,57.86.15.236
103,Barbey,Bentson,bbentson2u@loc.gov,Female,141.142.254.147
104,Celestyna,Dowse,cdowse2v@eepurl.com,Female,93.90.31.75
105,Jasmine,Petworth,jpetworth2w@vkontakte.ru,Female,196.14.23.144
106,Von,Swancott,vswancott2x@ocn.ne.jp,Male,97.124.234.217
107,Justis,Martinie,jmartinie2y@salon.com,Male,239.186.190.68
108,Francisca,Dudny,fdudny2z@deviantart.com,Female,133.202.158.178
109,Alli,Ingliss,aingliss30@shutterfly.com,Female,143.222.241.244
110,Adena,Tatam,atatam31@bluehost.com,Female,67.1.23.49
111,Willie,Braker,wbraker32@pcworld.com,Male,63.85.14.226
112,Sanson,Formie,sformie33@163.com,Male,110.117.12.202
113,Crawford,Cud,ccud34@pbs.org,Male,122.132.253.98
114,Adriane,Azemar,aazemar35@histats.com,Female,170.35.41.198
115,Pandora,Nardoni,pnardoni36@hubpages.com,Female,214.38.72.12
116,Blanche,Coggon,bcoggon37@tripadvisor.com,Female,153.146.213.10
117,Ralf,Pett,rpett38@sbwire.com,Male,115.219.73.240
118,Dulce,Caveney,dcaveney39@amazon.co.uk,Female,149.85.49.5
119,Ebenezer,Hallut,ehallut3a@wsj.com,Agender,163.17.4.21
120,Carolyn,Antonoyev,cantonoyev3b@wufoo.com,Female,5.124.51.158
121,Georgy,Youdell,gyoudell3c@artisteer.com,Polygender,99.253.37.223
122,Tera,Manvell,tmanvell3d@e-recht24.de,Non-binary,102.158.217.35
123,Barrie,Robiot,brobiot3e@princeton.edu,Female,215.195.87.63
124,Niven,Veel,nveel3f@dyndns.org,Male,21.83.109.213
125,Neddy,Serchwell,nserchwell3g@prlog.org,Male,237.195.185.191
126,Jaquith,Braidwood,jbraidwood3h@seattletimes.com,Female,222.66.12.171
127,Alejandra,Dabes,adabes3i@google.ca,Female,90.176.170.247
128,Aubrie,Lacaze,alacaze3j@domainmarket.com,Female,168.33.168.82
129,Maison,Davies,mdavies3k@pinterest.com,Male,87.128.232.65
130,Jessamyn,Bedder,jbedder3l@360.cn,Female,61.28.198.27
131,Neala,Prothero,nprothero3m@tripod.com,Female,28.21.240.152
132,Reena,Lote,rlote3n@uol.com.br,Female,178.160.182.71
133,Veradis,Brashier,vbrashier3o@tinyurl.com,Female,36.240.135.226
134,Rafe,Minchell,rminchell3p@sogou.com,Male,54.130.113.141
135,Celesta,Seres,cseres3q@squidoo.com,Female,166.36.111.122
136,Etheline,Phelipeau,ephelipeau3r@tuttocitta.it,Female,47.247.9.5
137,Alasdair,Gruszczak,agruszczak3s@jigsy.com,Genderfluid,204.242.246.186
138,Marina,Saffrin,msaffrin3t@huffingtonpost.com,Polygender,56.192.170.143
139,Wilfrid,Sorrill,wsorrill3u@sfgate.com,Male,39.155.152.37
140,Giorgia,Faraday,gfaraday3v@netvibes.com,Female,43.169.34.41
141,Dal,Staniford,dstaniford3w@stumbleupon.com,Male,172.109.193.26
142,Sergio,Fladgate,sfladgate3x@google.nl,Male,234.226.64.0
143,Earl,Bridgement,ebridgement3y@amazon.co.uk,Male,7.248.229.162
144,Muhammad,Yourell,myourell3z@ehow.com,Male,253.214.4.70
145,Marika,Showler,mshowler40@soundcloud.com,Female,164.224.18.180
146,Reinold,Karpinski,rkarpinski41@cdbaby.com,Bigender,109.52.17.209
147,Mallorie,MacKellen,mmackellen42@mysql.com,Female,80.35.195.191
148,Lula,Philot,lphilot43@last.fm,Female,92.192.66.45
149,Baxter,Niemetz,bniemetz44@narod.ru,Male,25.144.110.230
150,Wallace,MacClancey,wmacclancey45@imgur.com,Male,141.103.153.32
151,Selia,Phillcox,sphillcox46@merriam-webster.com,Female,212.62.226.223
152,Windham,Matignon,wmatignon47@eventbrite.com,Male,61.125.116.243
153,Virgina,Osgordby,vosgordby48@cornell.edu,Female,139.108.217.106
154,Guillemette,Spellsworth,gspellsworth49@senate.gov,Female,196.4.106.142
155,Dallon,Bewley,dbewley4a@yellowpages.com,Non-binary,19.115.237.76
156,Enrika,Salvador,esalvador4b@who.int,Female,236.142.249.118
157,Bellina,Humbee,bhumbee4c@issuu.com,Female,124.82.156.42
158,Gilbertina,Clilverd,gclilverd4d@edublogs.org,Female,133.233.178.119
159,Yoshiko,Pratte,ypratte4e@topsy.com,Female,17.152.247.229
160,Nicol,Klimushev,nklimushev4f@tiny.cc,Male,29.135.126.104
161,Salim,Linskey,slinskey4g@tmall.com,Agender,57.207.109.216
162,Conroy,Gildersleaves,cgildersleaves4h@marketwatch.com,Bigender,46.182.19.127
163,Foster,Southerill,fsoutherill4i@stumbleupon.com,Male,107.115.1.70
164,Demetri,Arney,darney4j@flavors.me,Male,236.210.129.254
165,Edi,Treves,etreves4k@deviantart.com,Female,165.163.114.87
166,Stacia,Canfer,scanfer4l@amazon.co.uk,Female,115.148.226.53
167,Adele,Sorensen,asorensen4m@purevolume.com,Female,63.234.93.72
168,Meghan,Tomsett,mtomsett4n@bravesites.com,Female,74.16.198.235
169,Pooh,MacConnell,pmacconnell4o@cisco.com,Polygender,171.15.171.125
170,Jerrie,Falkner,jfalkner4p@geocities.com,Male,82.223.27.225
171,Almeta,Pontin,apontin4q@123-reg.co.uk,Female,144.78.189.7
172,Marita,Simonsen,msimonsen4r@walmart.com,Female,51.52.136.111
173,Antonino,Neesham,aneesham4s@shinystat.com,Male,91.33.13.28
174,Austina,Dukesbury,adukesbury4t@soundcloud.com,Female,122.176.239.204
175,Jereme,Brownsett,jbrownsett4u@mail.ru,Male,232.212.57.81
176,Kassey,Palfreman,kpalfreman4v@bbb.org,Female,108.34.94.204
177,Vasili,Ewles,vewles4w@arstechnica.com,Male,157.202.76.128
178,Henrik,Whitfeld,hwhitfeld4x@wikimedia.org,Male,223.224.253.88
179,Christin,De Freitas,cdefreitas4y@istockphoto.com,Agender,203.136.191.36
180,Sabrina,Haddington,shaddington4z@soup.io,Female,67.155.254.17
181,Granger,Eversley,geversley50@nasa.gov,Male,195.78.58.7
182,Dugald,Norree,dnorree51@usatoday.com,Male,20.133.54.155
183,Vaughn,Crowche,vcrowche52@simplemachines.org,Genderqueer,112.105.19.218
184,Alessandra,Jeffels,ajeffels53@wikia.com,Female,69.74.187.250
185,Mara,Stickings,mstickings54@salon.com,Female,222.58.129.106
186,Romain,Rattenberie,rrattenberie55@tripadvisor.com,Male,28.183.107.220
187,Xymenes,Kinneir,xkinneir56@statcounter.com,Male,89.194.151.21
188,Sansone,Leggatt,sleggatt57@theguardian.com,Agender,170.66.205.239
189,Avie,Roget,aroget58@senate.gov,Female,48.122.43.36
190,Monika,Bavage,mbavage59@imageshack.us,Bigender,248.4.20.5
191,Normie,Philipard,nphilipard5a@furl.net,Male,136.152.182.219
192,Odie,Ouslem,oouslem5b@sitemeter.com,Male,83.94.86.3
193,Blondy,Boays,bboays5c@adobe.com,Female,162.247.122.254
194,Brien,Greenhead,bgreenhead5d@github.com,Male,55.36.132.0
195,Kenton,Hindsberg,khindsberg5e@youtu.be,Male,51.106.59.158
196,Mallorie,Lingner,mlingner5f@tinyurl.com,Female,160.184.175.85
197,Henrik,Crippen,hcrippen5g@tripadvisor.com,Male,114.53.2.72
198,Demetris,Zukerman,dzukerman5h@kickstarter.com,Male,105.90.59.119
199,Amie,Gilding,agilding5i@bloglines.com,Female,225.212.23.231
200,Jeni,Astie,jastie5j@g.co,Female,161.150.145.42
201,Jeff,Coughan,jcoughan5k@typepad.com,Male,241.249.133.120
202,Mannie,Kinghorn,mkinghorn5l@cdc.gov,Genderqueer,177.121.64.63
203,Cameron,Hidderley,chidderley5m@twitpic.com,Male,48.167.0.99
204,Georgie,Stonary,gstonary5n@blogspot.com,Female,150.171.216.130
205,Mathew,Brackenbury,mbrackenbury5o@sun.com,Male,198.233.108.218
206,Sonja,Maliffe,smaliffe5p@google.com.hk,Female,149.249.139.79
207,Cristina,Charpling,ccharpling5q@eventbrite.com,Female,254.48.64.52
208,Kellby,Severns,kseverns5r@bluehost.com,Male,245.50.24.177
209,Amerigo,Lunn,alunn5s@unc.edu,Male,121.221.252.138
210,Nicholas,Bounde,nbounde5t@earthlink.net,Male,19.60.203.140
211,Rosabelle,Sline,rsline5u@un.org,Bigender,175.148.133.150
212,Pat,Ross,pross5v@typepad.com,Male,148.213.222.109
213,Alysia,Jaszczak,ajaszczak5w@dagondesign.com,Female,178.93.143.66
214,Paxon,Filip,pfilip5x@cdbaby.com,Male,216.100.253.209
215,Tito,Peacop,tpeacop5y@dell.com,Male,66.191.76.227
216,Maje,Knyvett,mknyvett5z@imageshack.us,Male,6.147.156.34
217,Natassia,Redwing,nredwing60@mail.ru,Female,132.61.233.186
218,Edd,Meffen,emeffen61@nifty.com,Male,20.214.142.205
219,Modesta,Sadd,msadd62@digg.com,Female,8.239.166.220
220,Laryssa,Copas,lcopas63@nhs.uk,Female,94.78.148.178
221,Ailis,Leggen,aleggen64@seattletimes.com,Female,35.138.103.33
222,Euell,Vasile,evasile65@posterous.com,Male,175.129.73.143
223,Otis,McCuish,omccuish66@sciencedirect.com,Male,73.243.171.104
224,Ashby,Mellsop,amellsop67@mit.edu,Male,100.15.250.22
225,Easter,Botting,ebotting68@vimeo.com,Female,8.209.175.144
226,Kylie,McWhin,kmcwhin69@hostgator.com,Male,204.187.82.237
227,Jabez,Loraine,jloraine6a@berkeley.edu,Male,94.254.44.77
228,Gertruda,Baxter,gbaxter6b@mtv.com,Female,71.193.100.136
229,Godiva,Rugiero,grugiero6c@51.la,Female,118.184.136.237
230,Tedi,Gilby,tgilby6d@baidu.com,Non-binary,118.229.154.190
231,Abey,Krollmann,akrollmann6e@shareasale.com,Male,53.83.33.195
232,Tait,Harring,tharring6f@mit.edu,Male,237.108.4.76
233,Jackelyn,Vyvyan,jvyvyan6g@examiner.com,Female,173.248.12.155
234,Ray,Schroter,rschroter6h@so-net.ne.jp,Male,173.90.185.221
235,Shaylah,Bruneton,sbruneton6i@soup.io,Female,2.177.160.59
236,Anna-maria,Maharg,amaharg6j@hugedomains.com,Female,85.119.144.201
237,Cal,Langton,clangton6k@addthis.com,Male,37.43.12.110
238,Idaline,Qualtrough,iqualtrough6l@cam.ac.uk,Female,206.228.21.229
239,Thaddeus,Breach,tbreach6m@weather.com,Male,47.12.55.154
240,Rice,Lutton,rlutton6n@amazon.co.uk,Male,87.18.69.81
241,Marcelo,Mathon,mmathon6o@ow.ly,Male,104.98.78.150
242,Nanon,Chooter,nchooter6p@ed.gov,Female,126.221.156.222
243,Glenden,Camilli,gcamilli6q@clickbank.net,Male,37.123.50.165
244,Nicolle,Skuse,nskuse6r@alibaba.com,Female,192.73.220.101
245,Prescott,Yves,pyves6s@tinyurl.com,Male,117.236.224.8
246,Alex,Harpin,aharpin6t@icq.com,Genderqueer,165.155.41.10
247,Fiann,Gainsford,fgainsford6u@ustream.tv,Female,190.206.126.31
248,Desdemona,Kaye,dkaye6v@slashdot.org,Female,84.84.12.28
249,Avery,Ducker,aducker6w@ycombinator.com,Male,11.39.21.115
250,Rudd,Python,rpython6x@free.fr,Male,205.111.157.67
251,Eli,Rasper,erasper6y@usgs.gov,Male,130.9.245.68
252,Beck,Sellars,bsellars6z@spiegel.de,Male,209.182.223.241
253,Marthe,Simonett,msimonett70@nasa.gov,Female,212.85.96.33
254,Batholomew,Krelle,bkrelle71@buzzfeed.com,Male,170.112.13.210
255,Kahlil,Beall,kbeall72@oaic.gov.au,Male,99.205.6.115
256,Kitti,Meeks,kmeeks73@prweb.com,Female,239.196.227.216
257,Debbie,Antonelli,dantonelli74@soundcloud.com,Non-binary,56.182.111.3
258,Whitaker,Doerling,wdoerling75@clickbank.net,Male,58.182.57.143
259,Benny,Coghlin,bcoghlin76@typepad.com,Male,61.251.252.39
260,Erv,Sparhawk,esparhawk77@howstuffworks.com,Male,4.103.223.28
261,Westbrook,Follows,wfollows78@yelp.com,Male,250.130.134.47
262,Brendan,Swepson,bswepson79@themeforest.net,Male,129.26.177.48
263,Cass,McNevin,cmcnevin7a@elegantthemes.com,Male,148.114.111.175
264,Annaliese,Briscoe,abriscoe7b@myspace.com,Female,58.135.241.101
265,Marvin,Londesborough,mlondesborough7c@tuttocitta.it,Male,123.52.197.27
266,Davina,Jobbing,djobbing7d@taobao.com,Genderfluid,48.246.93.40
267,Crin,Santos,csantos7e@dedecms.com,Female,230.73.189.49
268,Rickard,Dobbyn,rdobbyn7f@earthlink.net,Male,86.194.152.19
269,Aron,Pistol,apistol7g@apache.org,Agender,245.43.126.184
270,Erik,McCloid,emccloid7h@usa.gov,Male,85.25.171.53
271,Kilian,Brusin,kbrusin7i@wisc.edu,Male,123.231.227.109
272,Ric,Brighouse,rbrighouse7j@businesswire.com,Male,14.241.210.213
273,Kirby,Statham,kstatham7k@ca.gov,Male,103.57.240.234
274,Cass,Portugal,cportugal7l@imageshack.us,Male,119.142.250.162
275,Matthus,Lound,mlound7m@yellowbook.com,Male,42.133.29.234
276,Emyle,Rottcher,erottcher7n@princeton.edu,Female,249.77.66.86
277,Natalie,Shorland,nshorland7o@army.mil,Female,41.69.112.131
278,Brooke,McConnal,bmcconnal7p@house.gov,Female,197.208.14.151
279,Kenneth,Pilley,kpilley7q@merriam-webster.com,Male,160.150.235.200
280,Jecho,Burwin,jburwin7r@liveinternet.ru,Agender,160.140.233.230
281,Darcy,Bramham,dbramham7s@angelfire.com,Male,214.188.181.241
282,Harriette,Simcoe,hsimcoe7t@archive.org,Female,56.1.33.196
283,Molly,Menzies,mmenzies7u@wiley.com,Female,168.154.58.223
284,Elena,Hendrichs,ehendrichs7v@booking.com,Female,152.254.244.96
285,Jerry,Elms,jelms7w@imageshack.us,Female,127.18.96.83
286,Sergent,McCallam,smccallam7x@skype.com,Male,157.41.117.222
287,Teirtza,Lockhart,tlockhart7y@mac.com,Female,38.203.179.167
288,Drona,Haugh,dhaugh7z@imdb.com,Female,133.162.105.118
289,Kelvin,Cheshir,kcheshir80@t.co,Male,213.30.53.101
290,Lucien,Stinchcombe,lstinchcombe81@sakura.ne.jp,Male,109.81.195.245
291,Em,Kennham,ekennham82@cafepress.com,Male,183.175.219.104
292,Mame,Agnew,magnew83@soup.io,Female,201.82.235.172
293,Alain,Claybourn,aclaybourn84@cafepress.com,Male,120.218.179.145
294,Holly,Dumbellow,hdumbellow85@npr.org,Male,188.3.216.143
295,Kikelia,Bridgett,kbridgett86@artisteer.com,Female,146.167.246.218
296,Gerhardine,Liddon,gliddon87@princeton.edu,Female,72.7.229.206
297,Lonny,Bagby,lbagby88@jugem.jp,Male,136.190.65.66
298,Wilmer,Lowseley,wlowseley89@blogger.com,Male,137.33.235.179
299,Templeton,Ghelerdini,tghelerdini8a@angelfire.com,Male,217.24.237.112
300,Fanny,Rodnight,frodnight8b@vimeo.com,Female,55.151.10.145
301,Glori,Giovanetti,ggiovanetti8c@wix.com,Female,196.250.29.26
302,Cointon,Tapton,ctapton8d@vk.com,Male,67.49.242.6
303,Pedro,MacUchadair,pmacuchadair8e@tripadvisor.com,Male,16.118.117.121
304,Tresa,Henaughan,thenaughan8f@wp.com,Genderfluid,3.242.250.29
305,Emmeline,Redholls,eredholls8g@purevolume.com,Female,20.15.253.120
306,Lennard,Batcock,lbatcock8h@shop-pro.jp,Male,38.252.238.205
307,Whitaker,Fotitt,wfotitt8i@nytimes.com,Male,51.190.130.26
308,Lincoln,Crampsy,lcrampsy8j@discovery.com,Male,104.161.22.62
309,Glynn,Danet,gdanet8k@fc2.com,Genderfluid,49.145.112.179
310,Hastings,Canaan,hcanaan8l@toplist.cz,Male,16.247.140.0
311,Sally,Jon,sjon8m@house.gov,Polygender,167.19.165.158
312,Burnard,Pyrke,bpyrke8n@yandex.ru,Polygender,155.250.52.189
313,Dall,Glasser,dglasser8o@geocities.com,Male,161.149.228.198
314,Barney,Neary,bneary8p@list-manage.com,Male,213.170.21.175
315,Karlyn,Blench,kblench8q@ed.gov,Female,239.149.249.188
316,Dolores,Oke,doke8r@wix.com,Female,127.133.236.3
317,Dorey,Lochet,dlochet8s@opera.com,Female,251.37.55.239
318,Geno,Dorrell,gdorrell8t@state.gov,Male,0.32.143.26
319,Sayre,Edgerton,sedgerton8u@myspace.com,Polygender,149.108.220.166
320,Jenni,Fullwood,jfullwood8v@slashdot.org,Female,83.45.28.174
321,Ernest,Lacrouts,elacrouts8w@phpbb.com,Male,238.23.134.97
322,Moe,Haughian,mhaughian8x@posterous.com,Male,68.79.123.118
323,Aksel,Corradino,acorradino8y@yandex.ru,Bigender,220.3.242.218
324,Trix,Wilfinger,twilfinger8z@sohu.com,Female,100.122.168.248
325,Rad,Annetts,rannetts90@smugmug.com,Male,9.131.81.137
326,Albrecht,Chidzoy,achidzoy91@boston.com,Male,132.92.222.151
327,Bethanne,Toal,btoal92@bloglines.com,Female,48.46.203.252
328,Geoffrey,Adney,gadney93@dailymotion.com,Male,7.134.13.76
329,Ivett,Sinkin,isinkin94@deviantart.com,Female,167.118.37.253
330,Dody,Caris,dcaris95@mozilla.org,Female,170.217.32.243
331,Gussy,Jeynes,gjeynes96@flickr.com,Female,30.76.156.219
332,Rebeca,Macquire,rmacquire97@princeton.edu,Female,185.216.7.67
333,Bobbie,Sandbatch,bsandbatch98@alibaba.com,Female,67.189.251.57
334,Kimberly,McCaghan,kmccaghan99@histats.com,Female,108.104.199.153
335,Andromache,Quoit,aquoit9a@pcworld.com,Female,20.57.14.111
336,Bryana,Atterley,batterley9b@sphinn.com,Female,27.155.16.37
337,Marcille,Longman,mlongman9c@ted.com,Polygender,109.89.8.241
338,Porter,Athersmith,pathersmith9d@ucla.edu,Male,146.231.188.73
339,Cecilius,Taylorson,ctaylorson9e@angelfire.com,Male,178.253.80.255
340,Ryann,Findley,rfindley9f@about.me,Female,148.186.87.219
341,Indira,Jennemann,ijennemann9g@redcross.org,Agender,247.97.161.188
342,Noelle,Davidsen,ndavidsen9h@booking.com,Female,88.43.17.107
343,Valdemar,Balfe,vbalfe9i@newyorker.com,Male,224.86.119.71
344,Chrissie,Klulisek,cklulisek9j@bluehost.com,Male,182.253.215.223
345,Wally,Allport,wallport9k@a8.net,Male,13.88.185.219
346,Abbey,Willman,awillman9l@hp.com,Male,47.114.125.202
347,Conroy,Northedge,cnorthedge9m@boston.com,Male,120.38.57.236
348,Melessa,Humber,mhumber9n@soup.io,Female,158.72.171.46
349,Bamby,Edgecombe,bedgecombe9o@newsvine.com,Female,19.138.164.90
350,Lukas,Creasy,lcreasy9p@amazon.com,Agender,100.134.149.205
351,Madelene,Gedge,mgedge9q@digg.com,Female,255.248.154.124
352,Vilhelmina,Glendinning,vglendinning9r@blogger.com,Polygender,131.55.211.49
353,Juliann,MacGruer,jmacgruer9s@jalbum.net,Female,212.182.63.56
354,Ellen,Beamson,ebeamson9t@infoseek.co.jp,Genderqueer,40.57.244.93
355,Ainsley,Yabsley,ayabsley9u@multiply.com,Female,11.181.1.98
356,Shay,Derham,sderham9v@house.gov,Polygender,238.195.33.155
357,Merell,Born,mborn9w@elegantthemes.com,Polygender,124.17.147.123
358,Shaw,Barta,sbarta9x@cnn.com,Male,185.75.196.241
359,Charlean,Niezen,cniezen9y@dmoz.org,Female,99.226.138.211
360,Morton,Bothams,mbothams9z@github.io,Male,31.156.211.8
361,Huntlee,Alsford,halsforda0@pcworld.com,Genderqueer,71.66.215.213
362,Lillis,Floris,lflorisa1@360.cn,Female,204.175.143.226
363,Callida,Bywaters,cbywatersa2@dmoz.org,Female,63.54.161.239
364,Gabey,Daintith,gdaintitha3@reference.com,Female,22.88.94.253
365,Charmain,Osan,cosana4@wunderground.com,Female,16.210.94.127
366,Feodora,Givens,fgivensa5@sbwire.com,Female,206.52.156.127
367,Miner,Mathes,mmathesa6@123-reg.co.uk,Male,162.251.8.222
368,Ara,Lean,aleana7@accuweather.com,Female,199.118.119.11
369,Baudoin,Musprat,bmusprata8@dropbox.com,Male,145.6.210.52
370,Bailie,Roland,brolanda9@g.co,Male,252.117.44.206
371,Jaymee,Giovanizio,jgiovanizioaa@trellian.com,Female,166.102.232.184
372,Eleonora,Burras,eburrasab@berkeley.edu,Female,59.181.158.196
373,Quinton,Jarmain,qjarmainac@163.com,Male,90.54.137.125
374,Alisun,Espinazo,aespinazoad@odnoklassniki.ru,Female,110.25.206.74
375,Idalia,Naldrett,inaldrettae@bbb.org,Genderfluid,150.241.233.214
376,Karen,Lafontaine,klafontaineaf@is.gd,Genderqueer,132.226.214.106
377,Edgard,McCrae,emccraeag@vkontakte.ru,Male,121.179.8.243
378,Mason,Tavner,mtavnerah@fc2.com,Male,160.235.105.38
379,Lief,Gleaves,lgleavesai@nasa.gov,Bigender,70.53.132.103
380,Emili,Giddy,egiddyaj@china.com.cn,Female,57.34.140.238
381,Carlynn,Malyan,cmalyanak@goo.ne.jp,Female,60.137.25.67
382,Gaelan,Habberjam,ghabberjamal@hp.com,Male,140.176.169.130
383,Cindi,Sunnex,csunnexam@indiatimes.com,Polygender,127.201.137.117
384,Wilden,Ferrara,wferraraan@google.it,Male,138.92.192.84
385,Innis,Readwing,ireadwingao@ifeng.com,Male,45.36.24.150
386,Livy,Stolting,lstoltingap@bandcamp.com,Female,236.218.227.185
387,Polly,Harcase,pharcaseaq@alibaba.com,Female,245.162.106.178
388,Maryanne,Hillock,mhillockar@imdb.com,Female,78.162.197.112
389,Godard,Quaife,gquaifeas@123-reg.co.uk,Male,190.143.178.183
390,Illa,Kramer,ikramerat@google.co.uk,Female,150.142.32.28
391,Virginie,Wisdom,vwisdomau@admin.ch,Non-binary,60.71.14.193
392,Deny,Jocelyn,djocelynav@amazon.co.uk,Female,57.115.254.223
393,Ignazio,Shutle,ishutleaw@dedecms.com,Male,176.111.94.109
394,Prentice,Francescuccio,pfrancescuccioax@redcross.org,Male,97.210.232.80
395,Jerry,Haney,jhaneyay@wikipedia.org,Female,255.179.27.158
396,Roderigo,Eland,relandaz@eepurl.com,Male,226.166.13.25
397,Meris,Briton,mbritonb0@boston.com,Female,87.217.182.72
398,Wilhelm,Levermore,wlevermoreb1@scribd.com,Male,149.179.243.125
399,Corabella,Strodder,cstrodderb2@state.gov,Female,113.35.102.235
400,Daron,Danby,ddanbyb3@google.es,Male,44.184.140.107
401,Myles,McTrustrie,mmctrustrieb4@economist.com,Male,113.62.188.25
402,Emmalynne,Whoolehan,ewhoolehanb5@ox.ac.uk,Female,116.53.36.118
403,Lurleen,Risdale,lrisdaleb6@imdb.com,Female,114.127.36.166
404,Avril,Gilham,agilhamb7@webeden.co.uk,Female,43.238.91.197
405,Nelle,Reichert,nreichertb8@github.io,Female,212.33.191.143
406,Roderich,Cosgrive,rcosgriveb9@sbwire.com,Agender,20.217.23.97
407,Gerrard,Micklewright,gmicklewrightba@yelp.com,Male,151.237.123.164
408,Harriette,Fluger,hflugerbb@hatena.ne.jp,Female,253.104.131.138
409,Shalom,Rostern,srosternbc@123-reg.co.uk,Polygender,102.177.17.211
410,Shaylah,Tomkowicz,stomkowiczbd@illinois.edu,Female,135.235.245.191
411,Griffie,Garth,ggarthbe@bluehost.com,Male,219.176.105.146
412,Carma,Dufaur,cdufaurbf@imageshack.us,Female,250.32.230.12
413,Silvester,McDyer,smcdyerbg@craigslist.org,Male,170.125.236.210
414,Peter,Beeton,pbeetonbh@sphinn.com,Male,183.41.6.128
415,Lynnett,Steanyng,lsteanyngbi@purevolume.com,Female,254.209.15.90
416,Reggi,Nornable,rnornablebj@wordpress.org,Female,32.45.181.193
417,Si,Lawrenson,slawrensonbk@pen.io,Bigender,244.189.106.176
418,Julienne,Ovitz,jovitzbl@dropbox.com,Female,244.79.251.223
419,Mei,Englefield,menglefieldbm@1und1.de,Female,21.216.85.155
420,Em,Colwell,ecolwellbn@epa.gov,Female,46.247.81.16
421,Paton,Hazley,phazleybo@yellowpages.com,Non-binary,172.198.81.48
422,Bennett,Brimblecombe,bbrimblecombebp@blogtalkradio.com,Male,198.25.46.43
423,Elfrieda,MacGaffey,emacgaffeybq@goo.gl,Female,240.179.168.98
424,Kaspar,Kisting,kkistingbr@facebook.com,Male,8.126.2.61
425,Creigh,Rampton,cramptonbs@goo.ne.jp,Male,135.207.252.41
426,Cory,Crayden,ccraydenbt@google.co.jp,Male,157.5.54.125
427,Trudie,Hambric,thambricbu@msn.com,Female,143.78.144.9
428,Nancie,Meadowcroft,nmeadowcroftbv@zimbio.com,Female,87.119.244.124
429,Edy,Beaumont,ebeaumontbw@photobucket.com,Female,12.178.150.116
430,Arnoldo,Jenton,ajentonbx@webs.com,Male,149.19.116.135
431,Britteny,Head,bheadby@bloomberg.com,Female,52.190.175.191
432,Norman,Walasik,nwalasikbz@bizjournals.com,Male,12.27.153.113
433,Ilka,Synder,isynderc0@eepurl.com,Female,45.212.159.165
434,Sasha,Greswell,sgreswellc1@geocities.jp,Male,178.224.5.148
435,Eward,Astlatt,eastlattc2@nbcnews.com,Male,44.216.135.254
436,Mariam,Willbourne,mwillbournec3@alexa.com,Agender,156.135.152.191
437,Britni,Bigglestone,bbigglestonec4@wiley.com,Female,32.131.221.64
438,Kylie,Lyal,klyalc5@dailymail.co.uk,Male,253.1.30.51
439,Bradney,Owain,bowainc6@ftc.gov,Male,207.230.185.149
440,Arne,Chuney,achuneyc7@epa.gov,Male,1.58.122.239
441,Danette,MacGiolla Pheadair,dmacgiollapheadairc8@bbc.co.uk,Female,195.74.111.18
442,Jud,Tichner,jtichnerc9@a8.net,Male,183.118.154.115
443,Torrey,Spinola,tspinolaca@unc.edu,Male,36.46.249.40
444,Fredek,Klamp,fklampcb@cnet.com,Male,154.64.119.117
445,Pat,Gooden,pgoodencc@php.net,Male,80.8.171.216
446,Holden,Colmore,hcolmorecd@psu.edu,Non-binary,182.233.12.116
447,Adolph,Mooring,amooringce@nature.com,Male,224.186.247.116
448,Dana,Bewlay,dbewlaycf@trellian.com,Male,181.49.160.47
449,Alair,Hethron,ahethroncg@miibeian.gov.cn,Male,171.42.210.91
450,Tuesday,Addy,taddych@dot.gov,Female,251.49.195.237
451,Janetta,Le Fevre,jlefevreci@wikia.com,Female,202.127.148.45
452,Cari,Liffe,cliffecj@blogger.com,Female,123.176.206.130
453,Siegfried,Pidduck,spidduckck@shop-pro.jp,Male,142.193.59.23
454,Janaya,Winmill,jwinmillcl@networksolutions.com,Female,153.79.240.110
455,Chaunce,Clausner,cclausnercm@slate.com,Male,164.75.231.249
456,Peyter,Veivers,pveiverscn@1und1.de,Male,204.38.213.228
457,Lenci,Brockest,lbrockestco@ftc.gov,Male,143.211.118.26
458,Neila,Lamb-shine,nlambshinecp@youtube.com,Female,139.235.50.51
459,Rachael,Ruggles,rrugglescq@slashdot.org,Female,191.183.65.19
460,Marv,Yoslowitz,myoslowitzcr@oaic.gov.au,Agender,179.10.222.23
461,Mikkel,Jeandot,mjeandotcs@github.com,Male,61.250.49.63
462,Nolie,Choake,nchoakect@barnesandnoble.com,Female,32.149.255.251
463,Frants,Blazewicz,fblazewiczcu@google.com,Male,227.11.136.102
464,Aline,Dei,adeicv@wisc.edu,Genderfluid,27.150.229.172
465,Brigham,Castanaga,bcastanagacw@toplist.cz,Male,41.200.98.233
466,Desmond,Hawtry,dhawtrycx@scribd.com,Male,247.47.135.159
467,Marlo,Legrand,mlegrandcy@netscape.com,Male,198.241.14.186
468,Karry,Jennison,kjennisoncz@wufoo.com,Female,10.191.214.47
469,Idalia,Burdon,iburdond0@dailymotion.com,Female,136.33.19.177
470,Vally,Debrick,vdebrickd1@army.mil,Female,141.198.6.219
471,Gaby,Bexley,gbexleyd2@xrea.com,Male,28.215.216.121
472,Silvan,Carik,scarikd3@indiatimes.com,Male,146.204.250.101
473,Wallas,Lawman,wlawmand4@zimbio.com,Male,109.242.105.76
474,Win,Crehan,wcrehand5@java.com,Male,89.14.229.86
475,Durand,Kimblen,dkimblend6@slashdot.org,Male,179.203.72.232
476,Janette,Zaczek,jzaczekd7@tumblr.com,Female,26.117.124.29
477,Aili,Adamovicz,aadamoviczd8@about.me,Female,91.136.249.34
478,Meredith,Klaaasen,mklaaasend9@globo.com,Female,223.246.54.202
479,Colas,Raubheim,craubheimda@sina.com.cn,Male,95.109.106.73
480,Allen,Trinder,atrinderdb@elegantthemes.com,Male,144.190.91.253
481,Evelyn,Wanell,ewanelldc@squarespace.com,Male,181.233.0.214
482,Hewet,Salvage,hsalvagedd@jimdo.com,Male,54.197.140.30
483,Aurilia,Frodsam,afrodsamde@nydailynews.com,Female,130.250.143.79
484,Hollie,Solland,hsollanddf@cbslocal.com,Female,66.241.201.201
485,Nicol,Cockin,ncockindg@biglobe.ne.jp,Female,218.175.160.81
486,Junette,Curror,jcurrordh@prnewswire.com,Genderfluid,138.251.80.92
487,Leighton,Colleton,lcolletondi@virginia.edu,Male,33.232.11.14
488,Giacomo,Renner,grennerdj@uol.com.br,Male,232.82.200.251
489,Taffy,Thynne,tthynnedk@usnews.com,Female,133.230.35.88
490,Dru,Mettricke,dmettrickedl@google.co.uk,Male,10.55.227.112
491,Tremain,Chesters,tchestersdm@icio.us,Male,176.111.57.236
492,Charisse,Daye,cdayedn@independent.co.uk,Female,118.177.3.182
493,Tim,Silburn,tsilburndo@illinois.edu,Male,21.46.242.16
494,Mendie,Amorine,mamorinedp@ovh.net,Male,159.52.61.159
495,Tova,MacBain,tmacbaindq@newyorker.com,Female,46.129.115.87
496,Purcell,Cuniffe,pcuniffedr@scientificamerican.com,Male,25.232.177.85
497,Susannah,Martschke,smartschkeds@fc2.com,Female,197.187.107.208
498,Roxane,Drackford,rdrackforddt@latimes.com,Female,239.251.65.27
499,Caz,Pischel,cpischeldu@fda.gov,Male,115.52.216.198
500,Sylvan,Riccardelli,sriccardellidv@yahoo.co.jp,Male,14.166.187.123
501,Heriberto,Schulter,hschulterdw@livejournal.com,Polygender,144.211.50.153
502,Ellery,Akester,eakesterdx@fotki.com,Male,44.151.73.132
503,Friedrich,Synder,fsynderdy@people.com.cn,Male,118.2.91.42
504,Grata,Swapp,gswappdz@friendfeed.com,Female,91.238.37.105
505,Celestyna,Wiley,cwileye0@ovh.net,Genderqueer,154.248.123.76
506,Caty,Resun,cresune1@aol.com,Female,234.197.44.118
507,Jerrie,Scardefield,jscardefielde2@simplemachines.org,Male,135.100.191.236
508,Francisca,Danielovitch,fdanielovitche3@reverbnation.com,Female,211.174.184.99
509,Vittorio,Theze,vthezee4@dyndns.org,Male,195.8.241.72
510,Mikael,Radage,mradagee5@unesco.org,Genderqueer,51.132.218.145
511,Dyana,Simson,dsimsone6@tiny.cc,Female,78.68.82.235
512,Emilio,Hewkin,ehewkine7@boston.com,Male,201.117.68.165
513,Robinetta,Ennion,rennione8@xing.com,Female,33.133.145.64
514,Gwynne,Hambribe,ghambribee9@cbsnews.com,Female,58.129.69.63
515,Belle,Derrett,bderrettea@zdnet.com,Female,193.14.55.173
516,Dierdre,Petrashkov,dpetrashkoveb@hatena.ne.jp,Female,145.23.183.172
517,Adara,Authers,aauthersec@umn.edu,Bigender,121.111.88.49
518,Jourdain,Dunning,jdunninged@seesaa.net,Male,90.223.159.220
519,Faber,Crigin,fcriginee@alibaba.com,Male,213.179.96.161
520,Tess,Bubear,tbubearef@angelfire.com,Female,83.54.83.195
521,Latia,Feare,lfeareeg@stanford.edu,Female,100.119.125.218
522,Pauline,Macconachy,pmacconachyeh@apple.com,Female,51.15.225.178
523,Sheela,Luckings,sluckingsei@umn.edu,Female,141.181.237.103
524,Manfred,Parlott,mparlottej@ibm.com,Male,58.220.28.14
525,Lannie,Coweuppe,lcoweuppeek@epa.gov,Male,175.157.144.8
526,Eben,Lanyon,elanyonel@baidu.com,Male,151.160.200.157
527,Fawne,Nursey,fnurseyem@wikipedia.org,Female,168.156.11.191
528,Gaile,McCormack,gmccormacken@cyberchimps.com,Male,215.242.187.57
529,Efren,Augustine,eaugustineeo@mashable.com,Male,108.216.51.139
530,Sherie,Cowan,scowanep@answers.com,Female,215.195.127.110
531,Tito,Boffey,tboffeyeq@yolasite.com,Male,51.110.156.20
532,Cobbie,Golsby,cgolsbyer@i2i.jp,Male,222.160.43.148
533,Dell,Dunthorn,ddunthornes@jimdo.com,Male,30.179.197.221
534,Osmond,Wiffill,owiffillet@a8.net,Male,35.216.108.70
535,Arley,Halgarth,ahalgartheu@opensource.org,Male,160.181.52.56
536,Pavlov,Thunnerclef,pthunnerclefev@phoca.cz,Male,63.95.49.20
537,Curtice,Morston,cmorstonew@mozilla.com,Bigender,89.200.59.78
538,Norris,Grevatt,ngrevattex@nationalgeographic.com,Male,48.167.152.6
539,Phineas,Hightown,phightowney@abc.net.au,Male,255.253.53.114
540,Rhianna,Gianullo,rgianulloez@nps.gov,Female,105.203.255.194
541,Otha,Landreth,olandrethf0@sciencedaily.com,Female,71.20.159.123
542,Zachary,Inchbald,zinchbaldf1@msn.com,Male,232.255.193.223
543,Wilie,Rennebeck,wrennebeckf2@delicious.com,Female,230.15.238.208
544,Isa,Simoneton,isimonetonf3@sourceforge.net,Genderfluid,20.41.76.174
545,Amalee,Darville,adarvillef4@rakuten.co.jp,Female,90.238.191.167
546,Wes,Gridley,wgridleyf5@discovery.com,Male,150.23.110.248
547,Scarlett,Westnedge,swestnedgef6@etsy.com,Female,153.252.15.161
548,Kristen,Aronowitz,karonowitzf7@sfgate.com,Female,244.21.171.65
549,Nico,Duignan,nduignanf8@imdb.com,Male,76.239.86.78
550,Rosie,Gilbey,rgilbeyf9@phpbb.com,Female,125.73.158.129
551,Colby,Das,cdasfa@plala.or.jp,Male,2.199.45.240
552,Arielle,Collie,acolliefb@smugmug.com,Female,174.13.211.1
553,Alano,Patzelt,apatzeltfc@cdbaby.com,Male,121.244.101.81
554,Cristian,Haversham,chavershamfd@1688.com,Male,216.208.24.233
555,Gerri,Silley,gsilleyfe@sfgate.com,Female,61.120.249.20
556,Mavis,Labin,mlabinff@google.fr,Female,172.68.231.226
557,Meara,Doctor,mdoctorfg@phoca.cz,Female,13.174.98.232
558,Correy,Steers,csteersfh@ning.com,Female,156.7.252.152
559,Lucia,Meyer,lmeyerfi@acquirethisname.com,Female,8.195.254.219
560,Tades,McCorry,tmccorryfj@usgs.gov,Male,83.88.49.108
561,Jacenta,Leatherborrow,jleatherborrowfk@angelfire.com,Female,183.66.246.242
562,Nobie,Biggans,nbiggansfl@webmd.com,Male,235.73.3.56
563,Peta,Erb,perbfm@google.com.br,Female,164.108.91.59
564,Merell,Harbertson,mharbertsonfn@taobao.com,Male,150.222.194.178
565,Edsel,Fittall,efittallfo@de.vu,Male,195.109.39.223
566,Elliott,Peatman,epeatmanfp@shop-pro.jp,Male,246.199.195.196
567,Paulita,Do,pdofq@zimbio.com,Female,152.5.181.154
568,Anne-marie,Oldacres,aoldacresfr@unesco.org,Female,22.205.164.211
569,Lulita,Pachta,lpachtafs@java.com,Female,201.28.51.211
570,Inglis,Livard,ilivardft@amazon.de,Male,120.54.3.46
571,Yehudit,Youtead,yyouteadfu@amazon.co.jp,Bigender,11.142.53.28
572,Coreen,Francie,cfranciefv@noaa.gov,Female,47.141.3.253
573,Lon,Gothard,lgothardfw@amazonaws.com,Male,115.108.226.216
574,Sheridan,Coulthard,scoulthardfx@deviantart.com,Male,219.36.82.30
575,Sosanna,Caulwell,scaulwellfy@umn.edu,Female,140.86.187.152
576,Steven,Smelley,ssmelleyfz@ox.ac.uk,Male,57.255.129.130
577,Creighton,Vergine,cvergineg0@51.la,Male,105.140.3.68
578,Joelynn,Durban,jdurbang1@gravatar.com,Female,159.200.133.47
579,Kym,Sidsaff,ksidsaffg2@yelp.com,Female,166.79.24.20
580,Godard,Lusgdin,glusgding3@cyberchimps.com,Male,6.192.111.216
581,Hagen,Forde,hfordeg4@java.com,Male,227.34.171.103
582,Odele,Skeat,oskeatg5@sohu.com,Female,42.126.219.207
583,Gasparo,Chell,gchellg6@godaddy.com,Male,91.79.14.30
584,Leeland,Erratt,lerrattg7@army.mil,Male,55.43.156.125
585,Johannah,Ivakin,jivaking8@1688.com,Female,213.233.49.196
586,Saunder,Seczyk,sseczykg9@nydailynews.com,Male,46.225.92.43
587,Aguistin,Biggadyke,abiggadykega@auda.org.au,Male,204.53.82.179
588,Virge,Folke,vfolkegb@cpanel.net,Male,187.158.232.203
589,Max,Lyptrade,mlyptradegc@mac.com,Male,56.104.227.150
590,Jay,Seson,jsesongd@latimes.com,Male,101.5.36.52
591,Leoine,Crix,lcrixge@addtoany.com,Female,246.75.44.197
592,Ambros,Proschke,aproschkegf@yolasite.com,Male,210.158.58.244
593,Caye,Chattock,cchattockgg@parallels.com,Female,64.55.26.15
594,Thornie,Larkkem,tlarkkemgh@tmall.com,Male,163.178.217.161
595,Delmar,Jackman,djackmangi@tmall.com,Male,145.152.129.207
596,Timofei,Hardi,thardigj@adobe.com,Male,250.2.161.161
597,Clywd,Longmore,clongmoregk@state.tx.us,Male,212.66.166.107
598,Bar,Voisey,bvoiseygl@e-recht24.de,Male,83.28.28.70
599,Nedi,Arnaudet,narnaudetgm@wikispaces.com,Female,116.76.75.2
600,Catherina,Gartrell,cgartrellgn@blogspot.com,Female,110.220.177.102
601,Rodge,Gretton,rgrettongo@bloglovin.com,Male,118.32.237.104
602,Nathalie,Pottell,npottellgp@discovery.com,Female,94.140.165.59
603,Erminia,Rubel,erubelgq@ehow.com,Female,167.195.23.249
604,Bernadine,Jorry,bjorrygr@flavors.me,Female,1.16.101.93
605,Alden,Skaife d'Ingerthorpe,askaifedingerthorpegs@eepurl.com,Male,46.34.76.150
606,Leslie,Sterte,lstertegt@usnews.com,Male,10.36.34.11
607,Gerianne,Matevosian,gmatevosiangu@ox.ac.uk,Female,52.160.132.27
608,Reinaldo,Pipping,rpippinggv@de.vu,Male,43.140.52.156
609,Maribel,Gutman,mgutmangw@domainmarket.com,Female,174.166.1.201
610,Sigmund,Starkey,sstarkeygx@usatoday.com,Male,231.70.41.126
611,Fairfax,Sherrocks,fsherrocksgy@illinois.edu,Male,76.69.115.174
612,Hartwell,Pestridge,hpestridgegz@weebly.com,Male,240.153.75.237
613,Tyler,Ollerenshaw,tollerenshawh0@ezinearticles.com,Male,244.178.52.189
614,Nickie,Boggis,nboggish1@imdb.com,Female,5.90.62.102
615,Dur,Sinton,dsintonh2@mashable.com,Male,2.153.228.219
616,Way,Towndrow,wtowndrowh3@shutterfly.com,Male,187.130.78.16
617,Simeon,Esland,seslandh4@amazon.co.uk,Male,139.4.242.107
618,Dominick,Joscelyn,djoscelynh5@npr.org,Male,106.26.124.84
619,Mona,Scourge,mscourgeh6@mozilla.com,Female,83.228.44.169
620,Louisette,Formby,lformbyh7@canalblog.com,Female,181.147.75.133
621,Jessee,Haselden,jhaseldenh8@va.gov,Male,193.144.209.217
622,Morganica,Allen,mallenh9@soundcloud.com,Female,102.137.33.75
623,Maggee,Etter,metterha@paginegialle.it,Female,49.99.161.129
624,Blair,Giraudoux,bgiraudouxhb@pcworld.com,Female,194.42.198.74
625,Kermy,Wolfarth,kwolfarthhc@zdnet.com,Male,67.173.8.182
626,Yorke,Hearns,yhearnshd@twitter.com,Male,5.1.9.36
627,Rory,Summerlee,rsummerleehe@google.nl,Female,149.224.212.148
628,Tracey,Fleis,tfleishf@yandex.ru,Male,67.35.69.133
629,Laurella,Brundill,lbrundillhg@economist.com,Female,183.4.176.103
630,Ceil,Narey,cnareyhh@oracle.com,Female,104.236.38.142
631,Delilah,holmes,dholmeshi@phpbb.com,Female,104.120.105.37
632,Sancho,Hulburt,shulburthj@patch.com,Male,29.119.172.147
633,Dore,Lawleff,dlawleffhk@ed.gov,Female,155.160.180.98
634,Goldina,Knight,gknighthl@biglobe.ne.jp,Female,12.73.39.218
635,Sarge,Beidebeke,sbeidebekehm@fotki.com,Male,8.227.237.111
636,Madel,Brideau,mbrideauhn@creativecommons.org,Female,35.131.192.117
637,Koenraad,Ritchard,kritchardho@eventbrite.com,Male,230.142.225.40
638,Hanna,Chugg,hchugghp@clickbank.net,Female,11.59.92.81
639,Vicky,Perrie,vperriehq@hatena.ne.jp,Female,228.245.190.236
640,Dyan,Creasey,dcreaseyhr@cnbc.com,Female,83.7.132.67
641,Jodi,Ferrucci,jferruccihs@merriam-webster.com,Female,39.82.21.183
642,Jarrid,Leith-Harvey,jleithharveyht@theglobeandmail.com,Male,181.122.56.227
643,Lotti,Coultar,lcoultarhu@berkeley.edu,Female,188.77.140.1
644,Nevins,Bossel,nbosselhv@psu.edu,Male,158.197.156.12
645,Winne,Mountjoy,wmountjoyhw@hp.com,Female,164.174.45.6
646,Franky,Lumsden,flumsdenhx@stumbleupon.com,Male,170.133.2.129
647,Klemens,Jedrys,kjedryshy@cargocollective.com,Male,195.187.81.81
648,Ludovika,Morican,lmoricanhz@examiner.com,Female,149.142.241.250
649,Ethel,Camblin,ecamblini0@clickbank.net,Female,23.123.144.215
650,Galven,Braben,gbrabeni1@icq.com,Male,20.197.143.207
651,Kerwinn,Wherry,kwherryi2@weibo.com,Male,110.253.251.231
652,Willetta,Raeside,wraesidei3@twitpic.com,Female,14.32.255.46
653,Carter,Sproston,csprostoni4@reverbnation.com,Male,82.93.148.53
654,Arthur,Loffel,aloffeli5@yahoo.co.jp,Male,219.139.132.171
655,Reinaldos,Thexton,rthextoni6@so-net.ne.jp,Male,231.208.162.195
656,Baryram,Bradnocke,bbradnockei7@ask.com,Male,158.172.103.190
657,Obediah,Burren,oburreni8@ning.com,Male,105.16.24.218
658,Heath,Maun,hmauni9@gizmodo.com,Female,130.135.251.124
659,Ree,Crucetti,rcrucettiia@mit.edu,Female,119.32.41.73
660,Torr,Tilney,ttilneyib@yolasite.com,Male,15.61.175.181
661,Andreana,Whitsun,awhitsunic@tumblr.com,Female,180.49.117.137
662,Dianna,Ace,daceid@mapy.cz,Female,131.215.202.87
663,Nathanil,Burmingham,nburminghamie@reference.com,Male,255.197.122.170
664,Rochester,Richardin,rrichardinif@nydailynews.com,Male,153.186.240.228
665,Devina,Wildman,dwildmanig@census.gov,Female,182.116.137.50
666,Leia,Longcaster,llongcasterih@plala.or.jp,Female,220.103.50.64
667,Mabel,Apedaile,mapedaileii@ted.com,Agender,234.92.79.177
668,Aurilia,Atterbury,aatterburyij@shinystat.com,Female,33.60.97.108
669,Kiel,Catterall,kcatterallik@skyrock.com,Male,213.32.36.102
670,Mordy,Baughen,mbaughenil@youtube.com,Male,56.232.83.165
671,Alvina,Lapre,alapreim@fotki.com,Female,243.122.214.69
672,Trenton,Scrooby,tscroobyin@etsy.com,Male,181.197.2.109
673,Jessee,Tesauro,jtesauroio@blog.com,Male,141.54.40.154
674,Marjy,Charlson,mcharlsonip@youtu.be,Female,171.158.239.40
675,Miquela,Chasen,mchaseniq@unesco.org,Female,248.165.160.17
676,Klaus,Messum,kmessumir@oaic.gov.au,Male,21.70.81.110
677,Amy,Lamey,alameyis@hugedomains.com,Genderfluid,188.33.234.105
678,Kip,Heaven,kheavenit@mediafire.com,Female,129.41.98.91
679,Sayres,Seary,ssearyiu@dyndns.org,Male,186.201.43.79
680,Elisha,Smurfit,esmurfitiv@etsy.com,Genderqueer,11.244.203.81
681,Trevar,Piggrem,tpiggremiw@umich.edu,Male,252.64.44.214
682,Merwyn,Torrans,mtorransix@artisteer.com,Polygender,149.142.5.161
683,Ginger,Whelpdale,gwhelpdaleiy@dot.gov,Male,152.106.224.11
684,Ansley,Washington,awashingtoniz@163.com,Female,182.46.22.39
685,Rodrique,Demcak,rdemcakj0@fotki.com,Agender,76.190.165.220
686,Chad,Scouse,cscousej1@pcworld.com,Female,27.103.45.218
687,Daryl,Cowup,dcowupj2@tuttocitta.it,Male,226.87.54.155
688,Lou,Simmance,lsimmancej3@wisc.edu,Male,41.189.143.22
689,Kevin,Marquand,kmarquandj4@bbc.co.uk,Male,40.247.76.207
690,Nan,Standish-Brooks,nstandishbrooksj5@ezinearticles.com,Agender,87.17.57.30
691,Ciro,Skews,cskewsj6@who.int,Male,61.23.222.173
692,Merrick,Baldry,mbaldryj7@foxnews.com,Male,132.185.218.144
693,Georgeanna,Lock,glockj8@disqus.com,Female,38.3.191.14
694,Cookie,Haffner,chaffnerj9@google.it,Female,250.116.89.61
695,Garfield,Rosenfeld,grosenfeldja@360.cn,Bigender,83.210.68.130
696,Dallas,Darley,ddarleyjb@macromedia.com,Female,197.73.208.2
697,Nichols,Grafhom,ngrafhomjc@wiley.com,Male,230.150.121.40
698,Sergent,Igoe,sigoejd@furl.net,Male,107.54.1.60
699,Osbourn,Oppy,ooppyje@printfriendly.com,Male,2.113.212.128
700,Abbe,Hammor,ahammorjf@sphinn.com,Female,54.246.5.132
701,Meagan,Davidavidovics,mdavidavidovicsjg@hibu.com,Female,3.29.128.92
702,Boniface,Fritche,bfritchejh@taobao.com,Male,45.195.95.92
703,Ibby,Caughan,icaughanji@apache.org,Female,2.3.107.77
704,Devondra,Ros,drosjj@indiegogo.com,Female,155.244.67.165
705,Ezequiel,Dionsetto,edionsettojk@naver.com,Male,225.82.194.104
706,Bliss,Ambrozik,bambrozikjl@blinklist.com,Female,1.222.21.73
707,Ynes,Bohea,yboheajm@drupal.org,Female,209.65.200.74
708,Fonzie,Tettersell,ftetterselljn@bloglines.com,Male,90.3.208.23
709,Idaline,Woodberry,iwoodberryjo@topsy.com,Female,122.115.161.220
710,Mar,Thurlborn,mthurlbornjp@github.com,Male,187.22.238.120
711,Kiel,Alwood,kalwoodjq@baidu.com,Male,225.203.163.166
712,Garrard,Kay,gkayjr@51.la,Male,230.221.239.70
713,Leslie,McMeeking,lmcmeekingjs@blogs.com,Male,0.109.100.71
714,Issy,Partner,ipartnerjt@latimes.com,Female,50.35.46.153
715,Cole,Quarrell,cquarrellju@alibaba.com,Male,8.25.131.195
716,Paquito,Carren,pcarrenjv@usatoday.com,Male,134.68.59.109
717,Angie,Panter,apanterjw@forbes.com,Male,205.254.155.216
718,Courtnay,Boole,cboolejx@dailymail.co.uk,Female,237.142.216.213
719,Brigida,Paley,bpaleyjy@cisco.com,Female,136.137.132.21
720,Nonna,Clerc,nclercjz@php.net,Female,175.121.189.253
721,Mamie,Jezard,mjezardk0@kickstarter.com,Female,153.63.86.235
722,Judon,McGrowther,jmcgrowtherk1@wix.com,Male,199.206.210.160
723,Walt,Le Provost,wleprovostk2@taobao.com,Male,167.219.134.62
724,Quintana,Jefferd,qjefferdk3@technorati.com,Female,225.75.20.13
725,Lucille,Lowden,llowdenk4@smh.com.au,Female,91.75.21.215
726,Glori,Daniellot,gdaniellotk5@1688.com,Female,179.166.69.39
727,Marsha,Stallibrass,mstallibrassk6@ebay.com,Female,102.168.33.78
728,Valene,Yurkevich,vyurkevichk7@sfgate.com,Female,155.81.234.126
729,Gabriel,Harrald,gharraldk8@instagram.com,Male,208.151.112.254
730,Arley,Coldbreath,acoldbreathk9@mit.edu,Male,12.158.96.209
731,Jordain,Slimon,jslimonka@cisco.com,Female,63.208.247.76
732,Kinny,Jime,kjimekb@unesco.org,Male,242.66.198.217
733,Leann,Tambling,ltamblingkc@pbs.org,Female,115.5.241.57
734,Wanda,Lewtey,wlewteykd@macromedia.com,Female,25.158.121.133
735,Hestia,Wenderoth,hwenderothke@phoca.cz,Female,78.2.64.111
736,Sollie,Padilla,spadillakf@nps.gov,Male,222.11.21.102
737,Derrik,Mendoza,dmendozakg@uiuc.edu,Male,96.72.166.143
738,Orlan,Chaffer,ochafferkh@netlog.com,Male,186.121.32.252
739,Ingeberg,Quiddington,iquiddingtonki@hhs.gov,Polygender,141.214.17.127
740,Malia,Simukov,msimukovkj@abc.net.au,Female,195.60.145.22
741,Shalna,Tolmie,stolmiekk@sciencedaily.com,Female,126.197.255.126
742,Shena,Bartosiak,sbartosiakkl@constantcontact.com,Female,135.26.198.190
743,Ora,Kopp,okoppkm@symantec.com,Female,52.181.86.253
744,Hephzibah,Bartoshevich,hbartoshevichkn@blogtalkradio.com,Female,88.131.39.173
745,Nadine,McCunn,nmccunnko@angelfire.com,Female,228.106.147.16
746,Bernadina,Sacher,bsacherkp@mozilla.com,Female,118.232.185.10
747,Enrique,Trouel,etrouelkq@utexas.edu,Male,31.198.64.164
748,Lydie,Laughlin,llaughlinkr@phoca.cz,Female,194.95.83.38
749,Hollie,Kilmartin,hkilmartinks@stanford.edu,Female,127.126.37.53
750,Gavan,Kupec,gkupeckt@etsy.com,Male,145.120.34.207
751,Reinhold,Malafe,rmalafeku@mozilla.org,Male,25.229.56.35
752,Corabel,Di Nisco,cdiniscokv@blinklist.com,Female,244.145.237.115
753,Ninette,Camden,ncamdenkw@prlog.org,Female,75.154.240.30
754,Hamil,Tschiersch,htschierschkx@jimdo.com,Male,42.140.55.96
755,Lari,Pepperill,lpepperillky@biblegateway.com,Agender,232.73.159.183
756,Augustine,Carlsson,acarlssonkz@foxnews.com,Female,253.67.79.0
757,Elana,Swadlinge,eswadlingel0@ezinearticles.com,Female,156.175.174.174
758,Carissa,Ranby,cranbyl1@admin.ch,Female,245.215.104.171
759,Maren,Norton,mnortonl2@ucsd.edu,Female,183.66.184.55
760,Emelyne,Folliott,efolliottl3@indiegogo.com,Female,142.161.62.246
761,Imogene,Lengthorn,ilengthornl4@furl.net,Female,98.75.32.134
762,Terza,Kell,tkelll5@edublogs.org,Agender,146.18.79.180
763,Sinclair,Matisse,smatissel6@canalblog.com,Male,84.219.99.8
764,Mufi,Arons,maronsl7@examiner.com,Non-binary,172.246.211.247
765,Katherina,Christoforou,kchristoforoul8@hp.com,Female,71.247.131.157
766,Nert,Mitchell,nmitchelll9@51.la,Female,125.245.205.133
767,Earlie,Halsted,ehalstedla@ask.com,Male,19.50.110.178
768,Brewer,Myring,bmyringlb@oakley.com,Male,70.83.161.212
769,Cordie,Zwicker,czwickerlc@icio.us,Female,193.133.164.123
770,Jeromy,Rudall,jrudallld@wikia.com,Male,220.225.3.244
771,Bradan,Joannic,bjoannicle@mozilla.org,Male,212.235.133.187
772,Wally,Garrison,wgarrisonlf@skyrock.com,Male,100.103.116.186
773,Shelbi,Logie,slogielg@guardian.co.uk,Female,1.183.71.54
774,Cynthea,Fawcus,cfawcuslh@github.com,Female,62.9.230.88
775,Isacco,Carff,icarffli@qq.com,Male,71.171.193.131
776,Hephzibah,Hadeke,hhadekelj@yellowpages.com,Polygender,216.80.1.10
777,Paddy,Demchen,pdemchenlk@hibu.com,Male,130.251.14.40
778,Alex,Kinkade,akinkadell@psu.edu,Male,37.66.219.246
779,Les,Paulet,lpauletlm@answers.com,Male,182.166.162.183
780,Linnell,Ratchford,lratchfordln@delicious.com,Female,60.60.3.220
781,Llewellyn,Amerighi,lamerighilo@twitter.com,Male,71.150.66.123
782,Samson,Lovelock,slovelocklp@sina.com.cn,Male,45.218.253.144
783,Cathyleen,Piggins,cpigginslq@last.fm,Female,135.129.131.172
784,Jocelin,Amsberger,jamsbergerlr@earthlink.net,Female,132.34.48.1
785,Bourke,Northeast,bnortheastls@un.org,Male,236.134.0.44
786,Murial,Mallender,mmallenderlt@businesswire.com,Female,27.0.47.40
787,Olenolin,Geary,ogearylu@scribd.com,Male,40.159.53.3
788,Giffie,Pargiter,gpargiterlv@wikia.com,Male,99.141.139.240
789,Artemas,Hammant,ahammantlw@hubpages.com,Male,254.135.252.171
790,Sybilla,Williamson,swilliamsonlx@shutterfly.com,Non-binary,253.102.252.67
791,Tildi,Kneeshaw,tkneeshawly@theglobeandmail.com,Female,215.73.139.149
792,Lyn,Grahlman,lgrahlmanlz@vk.com,Male,175.129.41.242
793,Octavia,Baldocci,obaldoccim0@vimeo.com,Bigender,139.237.43.171
794,Marlo,Steet,msteetm1@washington.edu,Male,77.155.194.214
795,Marcile,Gales,mgalesm2@moonfruit.com,Female,99.172.218.111
796,Ameline,Tyhurst,atyhurstm3@vk.com,Female,57.53.64.219
797,Jerad,Fretter,jfretterm4@sciencedirect.com,Male,75.5.196.25
798,Lanny,Jindracek,ljindracekm5@aol.com,Female,122.19.138.161
799,Leonhard,O'Towey,lotoweym6@tuttocitta.it,Male,190.40.18.215
800,Eleanore,Collins,ecollinsm7@skype.com,Female,126.99.37.11
801,Carlotta,Stickney,cstickneym8@parallels.com,Polygender,165.58.134.248
802,Rockey,Wagerfield,rwagerfieldm9@omniture.com,Male,117.119.135.130
803,Berton,Abdee,babdeema@xrea.com,Bigender,120.57.8.204
804,Samara,Croston,scrostonmb@studiopress.com,Female,169.35.150.175
805,Alina,Hake,ahakemc@last.fm,Female,143.139.72.161
806,Lynna,Iannitti,liannittimd@forbes.com,Female,71.75.75.13
807,Marion,Callacher,mcallacherme@accuweather.com,Male,112.179.138.184
808,Evin,Clackson,eclacksonmf@com.com,Male,146.102.87.88
809,Atlante,Cohen,acohenmg@ucla.edu,Female,56.204.247.71
810,Suellen,Lanphere,slanpheremh@parallels.com,Female,115.56.87.188
811,Hillery,Deeks,hdeeksmi@last.fm,Male,48.8.223.31
812,Merlina,Acomb,macombmj@sciencedirect.com,Female,254.105.26.191
813,Artur,Mignot,amignotmk@instagram.com,Male,124.16.62.81
814,Keefe,Cromleholme,kcromleholmeml@gnu.org,Male,242.0.177.2
815,Camel,Hoy,choymm@ox.ac.uk,Female,116.98.246.24
816,Rochella,Patsall,rpatsallmn@amazon.co.jp,Female,76.117.34.242
817,Jayme,Bletso,jbletsomo@pbs.org,Genderqueer,165.58.182.231
818,Say,Scotney,sscotneymp@nytimes.com,Genderqueer,12.132.242.176
819,Theodor,Becket,tbecketmq@google.co.jp,Non-binary,11.148.226.12
820,Emilio,Salan,esalanmr@cdbaby.com,Male,177.80.95.237
821,Drugi,Zanolli,dzanollims@over-blog.com,Male,1.235.50.230
822,Archer,MacGinlay,amacginlaymt@tripod.com,Male,217.149.63.229
823,Jackson,Ajsik,jajsikmu@weather.com,Male,105.125.63.215
824,Rouvin,Molineux,rmolineuxmv@goo.gl,Polygender,241.91.117.253
825,Minetta,Durrad,mdurradmw@thetimes.co.uk,Female,139.73.133.232
826,Lucio,Kencott,lkencottmx@tinyurl.com,Male,239.213.40.240
827,Bertrando,Linder,blindermy@hatena.ne.jp,Male,37.103.154.11
828,Cornelius,O'Gorman,cogormanmz@techcrunch.com,Male,6.90.116.112
829,Mada,Rannigan,mrannigann0@skype.com,Female,16.78.241.29
830,Linnet,Pervoe,lpervoen1@latimes.com,Female,159.247.158.78
831,Ashby,Hoogendorp,ahoogendorpn2@mayoclinic.com,Genderqueer,7.84.197.39
832,Luca,Degoe,ldegoen3@phpbb.com,Male,248.182.131.193
833,Wendel,Amos,wamosn4@woothemes.com,Male,98.80.136.164
834,Binny,Simcock,bsimcockn5@psu.edu,Female,196.96.140.151
835,Iain,Vater,ivatern6@google.co.uk,Male,100.195.248.44
836,Nike,O'Flannery,noflanneryn7@123-reg.co.uk,Female,126.76.76.131
837,Xenos,Ciccoloi,xciccoloin8@auda.org.au,Male,89.13.127.65
838,Lawry,Orneblow,lorneblown9@umich.edu,Male,38.179.235.74
839,Moshe,Ganford,mganfordna@dyndns.org,Male,237.78.70.83
840,Rita,Ivankovic,rivankovicnb@goo.ne.jp,Female,211.158.102.51
841,Hewie,Broadfield,hbroadfieldnc@yelp.com,Male,220.8.146.196
842,Lesly,Strudwick,lstrudwicknd@webnode.com,Female,205.43.142.215
843,Cathie,Pochin,cpochinne@ustream.tv,Female,66.172.40.208
844,Elicia,Flett,eflettnf@apple.com,Agender,102.38.35.86
845,Steffie,Brugsma,sbrugsmang@odnoklassniki.ru,Female,165.104.68.96
846,Nerti,Vogel,nvogelnh@cnet.com,Female,0.180.133.25
847,Orel,Bru,obruni@unblog.fr,Female,59.48.22.57
848,Jamill,Goodright,jgoodrightnj@statcounter.com,Male,17.227.133.123
849,Moss,Ogelsby,mogelsbynk@time.com,Male,67.144.29.100
850,Mag,Relton,mreltonnl@wordpress.org,Female,108.96.37.230
851,Dedra,Jansa,djansanm@last.fm,Female,27.137.102.108
852,Micki,Lansley,mlansleynn@homestead.com,Female,37.52.105.15
853,Jolie,Ferreras,jferrerasno@webs.com,Female,215.226.179.93
854,Claudia,McPeice,cmcpeicenp@nhs.uk,Female,69.39.124.117
855,Ambrosio,Schwandermann,aschwandermannnq@independent.co.uk,Male,220.207.85.32
856,Jody,Glading,jgladingnr@hibu.com,Male,166.64.46.89
857,Carola,Caig,ccaigns@ebay.com,Female,124.255.10.67
858,Lizabeth,McIlreavy,lmcilreavynt@time.com,Female,68.224.31.80
859,Inge,Summerell,isummerellnu@wunderground.com,Female,114.91.6.91
860,Emyle,Gadsby,egadsbynv@bravesites.com,Female,99.2.248.171
861,Phaidra,L'Homme,plhommenw@icio.us,Female,198.138.141.29
862,Gertrud,Pursey,gpurseynx@twitter.com,Female,21.96.5.160
863,Tildie,Cadwell,tcadwellny@skyrock.com,Genderqueer,229.195.211.139
864,Rhetta,Devany,rdevanynz@elegantthemes.com,Female,139.68.29.33
865,Larisa,Kalinke,lkalinkeo0@yahoo.co.jp,Female,142.104.115.46
866,Ikey,Biggerdike,ibiggerdikeo1@eventbrite.com,Male,0.242.222.157
867,Nicola,Dilleway,ndillewayo2@seattletimes.com,Female,228.160.105.64
868,Karl,Kalker,kkalkero3@fastcompany.com,Male,185.217.88.74
869,Sollie,Lukacs,slukacso4@etsy.com,Male,143.228.58.29
870,Sarita,Cortese,scorteseo5@wired.com,Female,47.133.194.116
871,Lancelot,Poynor,lpoynoro6@dropbox.com,Male,146.160.170.70
872,Jedidiah,Steptoe,jsteptoeo7@skype.com,Male,229.6.252.220
873,Mareah,Langford,mlangfordo8@facebook.com,Female,167.235.233.236
874,Wyn,Cayton,wcaytono9@dmoz.org,Male,174.156.142.161
875,Brok,Haugh,bhaughoa@ucsd.edu,Male,122.169.100.10
876,Roland,Hearns,rhearnsob@dropbox.com,Male,69.211.223.150
877,Dora,Hamel,dhameloc@facebook.com,Female,117.132.129.165
878,Gerry,Cawson,gcawsonod@cnet.com,Male,154.158.232.46
879,Sile,Summersby,ssummersbyoe@bbc.co.uk,Female,28.215.158.247
880,Linn,Dackombe,ldackombeof@51.la,Female,208.56.213.53
881,Pancho,Wattingham,pwattinghamog@berkeley.edu,Male,18.22.8.121
882,Ofelia,Ponnsett,oponnsettoh@cpanel.net,Bigender,17.200.3.251
883,Hubey,Ivashintsov,hivashintsovoi@home.pl,Male,1.9.3.116
884,Aretha,Blasgen,ablasgenoj@businesswire.com,Female,182.56.255.32
885,Tab,Dosdale,tdosdaleok@whitehouse.gov,Male,79.147.213.128
886,Nike,Ruttgers,nruttgersol@google.nl,Female,191.216.6.153
887,Pegeen,Snalum,psnalumom@ehow.com,Female,75.35.206.222
888,Tiffanie,Burker,tburkeron@hud.gov,Female,160.87.92.157
889,Pace,Children,pchildrenoo@slideshare.net,Male,175.32.229.242
890,Rowe,Scrowston,rscrowstonop@xing.com,Female,22.155.82.228
891,Lock,Iddiens,liddiensoq@cam.ac.uk,Male,101.118.167.122
892,Talbert,Coldman,tcoldmanor@hp.com,Male,250.65.116.180
893,Celinka,Ebbles,cebblesos@wikimedia.org,Female,201.253.164.113
894,Corrie,Twiggs,ctwiggsot@alexa.com,Male,180.15.66.139
895,Xerxes,Haggeth,xhaggethou@is.gd,Male,188.69.174.205
896,Nichol,Tranckle,ntranckleov@reddit.com,Female,77.243.156.110
897,Hayley,Mawd,hmawdow@godaddy.com,Female,91.249.42.56
898,Desirae,Edney,dedneyox@chron.com,Genderqueer,136.152.207.211
899,Irita,Whistance,iwhistanceoy@vistaprint.com,Female,205.67.98.130
900,Dallas,Jones,djonesoz@boston.com,Female,140.106.186.108
901,Devi,Goodband,dgoodbandp0@addtoany.com,Female,112.26.138.73
902,Aldous,Marryatt,amarryattp1@ebay.co.uk,Male,62.1.26.24
903,Brenn,Costain,bcostainp2@ocn.ne.jp,Female,187.71.243.41
904,Evangeline,Varley,evarleyp3@rambler.ru,Female,51.235.70.246
905,Jodee,Birley,jbirleyp4@nifty.com,Female,140.72.186.124
906,Marylee,Rizzolo,mrizzolop5@smugmug.com,Female,169.111.32.204
907,Isac,Scheffler,ischefflerp6@wiley.com,Male,135.219.87.25
908,Randene,Osselton,rosseltonp7@unblog.fr,Female,119.46.98.211
909,Dyanne,Paddefield,dpaddefieldp8@about.com,Female,237.9.35.55
910,Genni,Kepling,gkeplingp9@pcworld.com,Female,183.23.48.5
911,Heda,Androsik,handrosikpa@bandcamp.com,Female,25.135.7.1
912,Natal,McMillan,nmcmillanpb@icio.us,Male,106.107.113.98
913,Jessie,Melarkey,jmelarkeypc@unc.edu,Genderqueer,144.63.228.230
914,Lesli,Ammer,lammerpd@narod.ru,Female,133.41.223.204
915,Morgana,Rissen,mrissenpe@smugmug.com,Female,111.123.221.127
916,Raymund,MacTrustam,rmactrustampf@apple.com,Male,62.232.53.12
917,Gwenny,Idle,gidlepg@sciencedirect.com,Female,148.41.154.194
918,Celestine,Bark,cbarkph@bigcartel.com,Female,106.22.26.169
919,Arnold,Dugue,aduguepi@guardian.co.uk,Male,80.173.252.141
920,Selestina,Kiebes,skiebespj@guardian.co.uk,Female,35.127.245.54
921,Serge,Parr,sparrpk@businessinsider.com,Non-binary,97.129.141.223
922,Salim,Cluff,scluffpl@weather.com,Male,241.30.235.198
923,Wendel,Harsnep,wharsneppm@chronoengine.com,Male,228.14.144.189
924,Boonie,Pond,bpondpn@va.gov,Male,126.194.33.169
925,Ricca,Cohr,rcohrpo@unc.edu,Female,46.169.233.134
926,Isak,Vasquez,ivasquezpp@tiny.cc,Genderqueer,84.84.243.9
927,Cliff,Sumption,csumptionpq@odnoklassniki.ru,Male,206.144.240.74
928,Hugo,Balthasar,hbalthasarpr@time.com,Male,125.119.62.54
929,Guinevere,Wakelin,gwakelinps@elpais.com,Female,94.205.218.220
930,Birdie,McMenamie,bmcmenamiept@slashdot.org,Female,93.213.11.123
931,Jacquelyn,Runham,jrunhampu@loc.gov,Female,227.148.116.151
932,Chrysler,Jowers,cjowerspv@t-online.de,Female,131.100.149.234
933,Lynda,Kulas,lkulaspw@arizona.edu,Female,144.8.223.3
934,Pablo,McRobb,pmcrobbpx@dion.ne.jp,Male,105.136.192.127
935,Gray,Cruess,gcruesspy@taobao.com,Female,26.69.89.6
936,Lancelot,Morewood,lmorewoodpz@hatena.ne.jp,Male,131.253.36.172
937,Minnaminnie,Ruzic,mruzicq0@wikia.com,Female,225.140.44.224
938,Corby,Hegge,cheggeq1@bbb.org,Male,195.112.144.233
939,Karol,Lowson,klowsonq2@cdbaby.com,Female,161.137.22.220
940,Dalston,Penelli,dpenelliq3@pbs.org,Male,114.149.109.31
941,Lanie,Ingerfield,lingerfieldq4@umich.edu,Male,52.31.39.113
942,Bennie,Ivanonko,bivanonkoq5@kickstarter.com,Female,183.57.134.25
943,Holt,Drezzer,hdrezzerq6@fotki.com,Male,200.7.228.95
944,Tildie,Guiett,tguiettq7@fda.gov,Female,185.183.31.190
945,Jemmy,Lount,jlountq8@amazon.de,Female,235.82.35.73
946,Jeana,Brosch,jbroschq9@a8.net,Female,147.119.230.36
947,Gamaliel,Pidgin,gpidginqa@google.es,Male,214.151.29.58
948,Constance,Sherel,csherelqb@nature.com,Female,138.5.147.53
949,Reinold,Bordone,rbordoneqc@lycos.com,Male,136.33.203.153
950,Susanetta,Opfer,sopferqd@about.com,Female,245.172.124.114
951,Lilah,Petric,lpetricqe@soup.io,Female,87.183.26.229
952,Elonore,McKall,emckallqf@google.fr,Female,137.212.58.194
953,Marji,Embury,memburyqg@reuters.com,Female,151.70.113.33
954,Bettine,Warr,bwarrqh@123-reg.co.uk,Female,113.12.239.7
955,Arvie,Thurstance,athurstanceqi@reverbnation.com,Male,200.195.128.180
956,Clemmie,Skipton,cskiptonqj@cocolog-nifty.com,Genderqueer,201.147.162.220
957,Scottie,Wilfing,swilfingqk@oakley.com,Male,211.71.74.194
958,Janina,De Francesco,jdefrancescoql@pinterest.com,Female,15.176.131.76
959,Marcile,Lornsen,mlornsenqm@archive.org,Non-binary,155.112.53.114
960,Jozef,Coyte,jcoyteqn@github.io,Male,200.167.82.67
961,Rosella,Joysey,rjoyseyqo@lulu.com,Female,120.155.58.215
962,Vachel,Maasze,vmaaszeqp@biblegateway.com,Male,164.30.94.229
963,Zonda,Hidderley,zhidderleyqq@dyndns.org,Female,199.116.12.228
964,Pernell,Heibl,pheiblqr@newyorker.com,Male,177.8.37.238
965,Carine,Korlat,ckorlatqs@webeden.co.uk,Female,139.228.129.214
966,Norri,Mathevon,nmathevonqt@pcworld.com,Female,101.221.87.171
967,Orsola,Mowsley,omowsleyqu@go.com,Female,230.73.86.138
968,Astrix,Wahncke,awahnckeqv@homestead.com,Female,178.51.72.117
969,Laurette,Dunseath,ldunseathqw@google.fr,Female,218.232.92.120
970,Brana,Keppin,bkeppinqx@smugmug.com,Bigender,231.125.197.199
971,Jarid,Willmott,jwillmottqy@earthlink.net,Male,249.170.159.65
972,Antonina,Hounihan,ahounihanqz@jugem.jp,Female,220.70.103.11
973,Ruggiero,Farrey,rfarreyr0@typepad.com,Genderqueer,218.68.15.235
974,Goldy,Adkins,gadkinsr1@jigsy.com,Female,203.56.111.141
975,Trish,Westhoff,twesthoffr2@seattletimes.com,Female,113.89.101.124
976,Chaddie,Hiland,chilandr3@sphinn.com,Male,93.185.35.40
977,Brendan,Sterman,bstermanr4@php.net,Male,110.96.234.8
978,Ruggiero,Gyenes,rgyenesr5@bandcamp.com,Male,131.40.165.75
979,Judi,Bourgeois,jbourgeoisr6@digg.com,Female,157.174.94.128
980,Munroe,Sent,msentr7@usnews.com,Male,194.53.183.88
981,Phil,Ribou,pribour8@joomla.org,Male,76.168.107.251
982,Bartholomew,Gamlyn,bgamlynr9@jalbum.net,Male,156.164.166.6
983,Berta,Briztman,bbriztmanra@studiopress.com,Female,159.51.25.38
984,Elva,Spohrmann,espohrmannrb@bravesites.com,Female,11.156.224.48
985,Jeannie,Pretious,jpretiousrc@nba.com,Female,212.148.248.108
986,Demetris,Bilton,dbiltonrd@rediff.com,Female,67.76.214.184
987,Ceciley,Fauguel,cfauguelre@dyndns.org,Female,188.252.1.181
988,Marlo,Carty,mcartyrf@cdc.gov,Male,98.44.33.109
989,Jeffry,McQuode,jmcquoderg@cornell.edu,Male,204.241.17.123
990,Francine,Nazareth,fnazarethrh@paypal.com,Female,221.216.78.123
991,Tyne,Blanking,tblankingri@trellian.com,Female,179.97.43.55
992,Tildy,Christescu,tchristescurj@state.tx.us,Female,50.112.156.225
993,Viviyan,Farre,vfarrerk@posterous.com,Female,247.84.43.105
994,Darrin,Papachristophorou,dpapachristophorourl@slideshare.net,Male,205.67.177.220
995,Gery,Ripper,gripperrm@360.cn,Male,159.125.226.17
996,Wilie,Ockendon,wockendonrn@sourceforge.net,Female,117.180.168.150
997,Elinore,Ambrogiotti,eambrogiottiro@tmall.com,Genderfluid,79.133.213.68
998,Anna,Golsthorp,agolsthorprp@vimeo.com,Female,220.217.101.95
999,Terrance,Rymour,trymourrq@friendfeed.com,Male,11.211.172.15
1000,Spike,Gallard,sgallardrr@a8.net,Male,208.89.75.86
